review,rating
"This product exceeded all my expectations. The quality is outstanding and it has made my life so much easier!",5
"Pretty good product overall. Does what it's supposed to do but nothing extraordinary.",3
"Absolutely terrible experience with this product. Broke after two uses and customer service was unhelpful.",1
"I like this product quite a bit. It's well-designed and functions as advertised.",4
"Mediocre at best. Works sometimes but has several annoying quirks that make it frustrating to use.",2
"One of the best purchases I've made this year. Highly recommend to anyone considering it!",5
"Not worth the money. There are better alternatives available at this price point.",2
"Decent product that gets the job done. No complaints but nothing spectacular.",3
"Completely disappointed with this purchase. Waste of money and time.",1
"Very pleased with this product. It's reliable, well-made, and exactly what I needed.",4